"","pcMean","pcSD","pcMax","pcMin"
"AGROSTO",1.02,2.16712275901288,8,0
"ALISLAN",0.005,0.0223606797749979,0.1,0
"ALISTRI",0.435,0.925814008830806,3,0
"BIDECER",0.015,0.0366347548532523,0.1,0
"CALLSTA",0.01,0.0307793505625546,0.1,0
"CARELYN",28.405,36.3543449224002,90,0
"ELEOPAL",0.44,1.55948709516943,7,0
"EPILCIL",0.005,0.0223606797749979,0.1,0
"EQUIFLU",0.365,0.626834150817885,2,0
"GALITRI",1.505,6.70706422559944,30,0
"GLYCSP",0.155,0.670015710734889,3,0
"IRISPSE",0.95,4.01936103851032,18,0
"JUNCART",0.005,0.0223606797749979,0.1,0
"JUNCBAL",4.25,13.1063463936169,45,0
"JUNCOXY",0.055,0.223547946111178,1,0
"LILLOCC",0.25,1.11803398874989,5,0
"LITTER",7.2,14.351233213102,60,0
"LYCOEUR",0.055,0.223547946111178,1,0
"LYSIAME",0.2,0.894427190999916,4,0
"LYTHSAL",3.12,10.0088171655112,45,0
"MUD",44.6,29.4661268506559,93,2
"MYOSSCO",0.055,0.223547946111178,1,0
"PHALARU",4.62,13.5901512326506,52,0
"POTEANS",0.46,1.78867784160609,8,0
"RUMECRI",0.05,0.223606797749979,1,0
"SAGILAT",0.715,2.26884505745475,10,0
"SALISP",0.005,0.0223606797749979,0.1,0
"SCHOTAB",1.515,3.43454202876722,15,0
"SCIRMIC",0.005,0.0223606797749979,0.1,0
"SIUMSUA",0.215,0.611533878219781,2,0
"TYPHLAT",0.305,0.921940173878179,4,0
"WOOD",2.1,8.93190614417892,40,0
