"","lyngbyHeight","mean.richness.","mean.richness.nat.","mean.simpson.","mean.shannon.","natives","exotics","invasives","unknowns"
"1",35.5,10.3333333333333,6.33333333333333,0.638095238095238,1.37529447790217,0.643055555555556,0.223412698412698,0.11468253968254,0.0188492063492064
