"","lyngbyHeight","mean.richness.","mean.richness.nat.","mean.simpson.","mean.shannon.","natives","exotics","invasives","unknowns"
"1",119.5,9.1,5.35,0.428109959183675,0.85448971845049,0.62801183258281,0.161469795811686,0.210518371605504,0.0193476672729515
