"","lyngbyHeight","mean.richness.","mean.richness.nat.","mean.simpson.","mean.shannon.","natives","exotics","invasives","unknowns"
"1",87.7777777777778,8.41666666666667,5.75,0.295832167419436,0.61973692256584,0.828825183298603,0.0894817243753994,0.101466476844583,0
