"","lyngbyHeight","mean.richness.","mean.richness.nat.","mean.simpson.","mean.shannon.","natives","exotics","invasives","unknowns"
"1",101,5.15384615384615,3,0.131167011597554,0.245347817753647,0.681025338037106,0.116020722194632,0.202235032507299,0.000718907260963336
