"","lyngbyHeight","mean.richness.","mean.richness.nat.","mean.simpson.","mean.shannon.","natives","exotics","invasives"
"1",99.4444444444444,4.31818181818182,2.77272727272727,0.125198230336816,0.234043669910272,0.833263273049298,0.166736726950702,0.0934303617556948
