"","lyngbyHeight","mean.richness.","mean.richness.nat.","mean.simpson.","mean.shannon.","natives","exotics","invasives","unknowns"
"1",64.5,3.13333333333333,2.46666666666667,0.167703016878268,0.299703828841038,0.853975287902168,0.145866734214735,0,0.000157977883096367
