"","lyngbyHeight","mean.richness.","mean.richness.nat.","mean.simpson.","mean.shannon.","natives","exotics","invasives"
"1",35.5,10.3333333333333,6.33333333333333,0.638095238095238,1.37529447790217,0.643055555555556,0.356944444444444,0.11468253968254
