"","lyngbyHeight","mean.richness.","mean.richness.nat.","mean.simpson.","mean.shannon.","natives","exotics","invasives"
"1",65.6428571428571,7.57142857142857,3.47619047619048,0.285349028060306,0.524110224000589,0.712342411952551,0.287657588047449,0.0347198423392625
