"","lyngbyHeight","mean.richness.","mean.richness.nat.","mean.simpson.","mean.shannon.","natives","exotics","invasives"
"1",82.5555555555556,6.2,3.53333333333333,0.360185156710831,0.623411873060834,0.77864272571627,0.22135727428373,0.1648577357063
