"","lyngbyHeight","mean.richness.","mean.richness.nat.","mean.simpson.","mean.shannon.","natives","exotics","invasives"
"1",88.1428571428571,4.1,2.65,0.253009936254461,0.270014042122101,0.389035584353789,0.610964415646211,0.399778793131211
