"","lyngbyHeight","mean.richness.","mean.richness.nat.","mean.simpson.","mean.shannon.","natives","exotics","invasives"
"1",111.111111111111,6.35714285714286,4.35714285714286,0.410877033159032,0.75469400047297,0.538443328085792,0.461556671914209,0.287624972516052
