"","lyngbyHeight","mean.richness.","mean.richness.nat.","mean.simpson.","mean.shannon.","natives","exotics","invasives"
"1",111.111111111111,8.83333333333333,6.22222222222222,0.467143534112582,0.946362081839962,0.509148568287952,0.490851431712048,0.29684175781055
