"","lyngbyeHeight","lyngbyesd","mean.richness.","mean.richness.nat.","mean.simpson.","sd.simpson.","mean.shannon.","sd.shannon.","natives","nativesd","exotics","exoticsd","invasives","invasivesd","unknowns","unknownsd"
"1",234,78.6320545324869,2,0.473684210526316,0.700299046296673,0.454620799098129,0.0323268456178928,0.0830278404069873,0.207873385076782,0.358356773100271,0.0120008602185442,0.0358987242523206,0.774573300763649,0.372325910925125,0.00555245394102421,0.0158754394601641
