"","lyngbyeHeight","lyngbyesd","mean.richness.","mean.richness.nat.","mean.simpson.","sd.simpson.","mean.shannon.","sd.shannon.","natives","nativesd","exotics","exoticsd","invasives","invasivesd","unknowns","unknownsd"
"1",103.285714285714,9.75900072948533,7.3125,4.0625,0.194014246366344,0.243075646013089,0.298861600268159,0.234813154575746,0.847933865221832,0.239297734470702,0.0528739411398455,0.0465412973710977,0.0770450031405514,0.246601999484888,0.00589153741021824,0.0134279904819634
