"","lyngbyeHeight","lyngbyesd","mean.richness.","mean.richness.nat.","mean.simpson.","sd.simpson.","mean.shannon.","sd.shannon.","natives","nativesd","exotics","exoticsd","invasives","invasivesd","unknowns","unknownsd"
"1",74.5,31.3102752037304,5.625,3,0.500565330355182,0.292892070554079,0.690931473926706,0.51674804615818,0.465427061313246,0.386612022882613,0.0771541625803639,0.114184588759065,0.0720626450454667,0.115783806826759,0.0301791277258567,0.0565269148689289
