"","lyngbyeHeight","lyngbyesd","mean.richness.","mean.richness.nat.","mean.simpson.","sd.simpson.","mean.shannon.","sd.shannon.","natives","nativesd","exotics","exoticsd","invasives","invasivesd","unknowns","unknownsd"
"1",63.2,12.8909959963448,6.3,3,0.242939384841245,0.230640403870469,0.457172503573333,0.426438294286183,0.697252063145061,0.224317582524924,0.210116667433741,0.170874514966434,0.0259646027545319,0.0670899237557195,0,0
