"","lyngbyeHeight","lyngbyesd","mean.richness.","mean.richness.nat.","mean.simpson.","sd.simpson.","mean.shannon.","sd.shannon.","natives","nativesd","exotics","exoticsd","invasives","invasivesd","unknowns","unknownsd"
"1",33,11.7821127909294,15.4,7.25,0.53293692705835,0.210920816414041,1.17471934408063,0.477544639024316,0.474235462469764,0.142033116902755,0.375689851675444,0.164366161626517,0.0982169872533224,0.103827604286514,0.0492192821237667,0.0785793252767119
