"","lyngbyeHeight","lyngbyesd","mean.richness.","mean.richness.nat.","mean.simpson.","mean.shannon.","natives","nativesd","exotics","exoticsd","invasives","invasivesd","unknowns","unknownsd"
"1",99.2666666666667,38.3876163744129,8.725,4.775,0.444610298618348,0.858408748689633,0.664312556719049,0.247094453002054,0.153003477704638,0.148730506586063,0.122690674275366,0.247094453002054,0.0627080600749808,0.114267853925052
